{
  "variant": "full_engineered_refit_control",
  "feature_count": 106,
  "threshold": -0.012499999999999997,
  "validation_labeled_realized_npv": 3785345.1153657897,
  "validation_labeled_approved": 2110,
  "validation_labeled_approval_rate": 0.8271266170129361,
  "validation_labeled_default_rate_approved": 0.0867298578199052,
  "validation_all_approval_rate": 0.6513700155936735,
  "test_approval_rate": 0.6546444368832937,
  "approved_total": 8696,
  "prior_declined_approved_total": 2488,
  "prior_declined_approval_rate": 0.4296321878777413,
  "headline_expected_npv": 14795329.153702362,
  "prior_declined_expected_npv": 4438526.396209324,
  "prior_declined_mean_pd": 0.1356930517511747,
  "prior_declined_expected_npv_gamma_3x": 2615184.205067211,
  "auroc": 0.740945406750223,
  "log_loss": 0.4388553118674748,
  "brier": 0.1381148659792795,
  "mean_pd": 0.21046563904963164,
  "actual_default_rate": 0.2061936495491964,
  "interval_bin_coverage": 1.0,
  "base_feature_count": 106,
  "feature_variant": "full_engineered",
  "model_rows": 41377,
  "calibration_rows": 10345
}