{
  "variant": "regime_weighted_reject_gamma_1p5",
  "feature_set": "compact_risk_factors",
  "threshold": 0.02750000000000001,
  "validation_labeled_realized_npv": 2603852.2273324057,
  "validation_labeled_approved": 1884,
  "validation_labeled_approval_rate": 0.7385339082712662,
  "validation_labeled_default_rate_approved": 0.07059447983014862,
  "validation_all_approval_rate": 0.5780797505012252,
  "test_approval_rate": 0.575706022456618,
  "approved_total": 7671,
  "prior_declined_approved_total": 2128,
  "prior_declined_approval_rate": 0.3674667587635987,
  "headline_expected_npv": 14329867.504258752,
  "expected_roic_approved_amount": 0.07119435528363441,
  "prior_declined_expected_npv": 4117352.13481211,
  "prior_declined_mean_pd": 0.11942183798095148,
  "auroc": 0.7433553959536215,
  "log_loss": 0.4352908608169774,
  "brier": 0.13651333173937058,
  "mean_pd": 0.21210155488713275,
  "actual_default_rate": 0.2061936495491964,
  "interval_bin_coverage": 1.0,
  "domain_rows_train": 85340,
  "domain_rows_future": 13306,
  "domain_feature_count": 66,
  "domain_excluded_calendar_features": [
    "application_day_of_week",
    "application_days_since_2024_01_01",
    "application_month",
    "application_weekofyear",
    "application_channel"
  ],
  "domain_in_sample_auc": 0.8553832917241302,
  "domain_weight_min": 0.2726894913883356,
  "domain_weight_p25": 0.2726894913883356,
  "domain_weight_median": 0.7283637034533581,
  "domain_weight_p75": 1.6466635619339633,
  "domain_weight_max": 6.544547793320054,
  "model_rows": 41377,
  "calibration_rows": 10345,
  "fit_weight_mean": 0.9999999999999998,
  "fit_weight_p90": 2.4481538165383574,
  "cal_weight_mean": 1.0,
  "cal_weight_p90": 1.4254175606274375,
  "reject_gamma": 1.5,
  "reject_rows": 33618,
  "reject_weight_scale": 0.35,
  "accept_bad_rate": 0.16424583705923582,
  "target_reject_bad_rate": 0.24636875558885374,
  "pseudo_reject_bad_rate": 0.2711345112737224,
  "pseudo_reject_bad_cutoff": 0.514470931468545,
  "base_feature_count": 71,
  "feature_count": 71
}