{
  "variant": "compact_risk_factors",
  "feature_count": 71,
  "threshold": -0.012499999999999997,
  "validation_labeled_realized_npv": 3820063.74609227,
  "validation_labeled_approved": 2123,
  "validation_labeled_approval_rate": 0.8322226577812623,
  "validation_labeled_default_rate_approved": 0.08714083843617522,
  "validation_all_approval_rate": 0.6576074849632435,
  "test_approval_rate": 0.6569127821254395,
  "approved_total": 8744,
  "prior_declined_approved_total": 2495,
  "prior_declined_approval_rate": 0.4308409601105163,
  "headline_expected_npv": 14801539.781283177,
  "prior_declined_expected_npv": 4450041.781449157,
  "prior_declined_mean_pd": 0.13407733091335033,
  "prior_declined_expected_npv_gamma_3x": 2628430.984143736,
  "auroc": 0.7429216542271041,
  "log_loss": 0.43781572020439913,
  "brier": 0.13747874009817515,
  "mean_pd": 0.20963653725349563,
  "actual_default_rate": 0.2061936495491964,
  "interval_bin_coverage": 1.0,
  "base_feature_count": 71,
  "feature_variant": "compact_risk_factors",
  "model_rows": 41377,
  "calibration_rows": 10345
}