bin,n,p_min,p_max,mean_predicted_pd,observed_default_rate,wilson_half_width,miscalibration,bin_width
0,1240,0.001,0.04990757855822551,0.04598306451612903,0.04596774193548387,0.00982114752129971,1.5322580645162065e-05,0.009836470101944873
1,2022,0.06973293768545996,0.06973293768545996,0.06973293768545998,0.06973293768545995,0.009328152527412861,2.7755575615628914e-17,0.009328152527412889
2,966,0.08823529411764706,0.11403508771929824,0.10559006211180125,0.10559006211180125,0.01627825605602891,0.0,0.01627825605602891
3,1375,0.12342569269521411,0.16140776699029127,0.14763636363636365,0.14763636363636365,0.015735426396186736,0.0,0.015735426396186736
4,1157,0.16181229773462782,0.21084337349397592,0.19101123595505617,0.19101123595505617,0.01900058041527744,0.0,0.01900058041527744
5,565,0.21218961625282168,0.24752475247524752,0.21946902654867254,0.21946902654867256,0.02860370472723339,2.7755575615628914e-17,0.028603704727233416
6,1224,0.26811594202898553,0.3363309352517986,0.3145424836601307,0.3145424836601307,0.021810388799239664,0.0,0.021810388799239664
7,989,0.3488372093023256,0.4909819639278557,0.4418604651162791,0.4418604651162791,0.025939283257397815,0.0,0.025939283257397815
8,807,0.5,0.999,0.6914299876084262,0.6914498141263941,0.026707396665334407,1.9826517967835855e-05,0.026727223183302243
