{
  "variant": "raw_valid_prior",
  "feature_count": 32,
  "threshold": -0.024999999999999994,
  "validation_labeled_realized_npv": 3912480.1426391727,
  "validation_labeled_approved": 2196,
  "validation_labeled_approval_rate": 0.8608388867110937,
  "validation_labeled_default_rate_approved": 0.09061930783242259,
  "validation_all_approval_rate": 0.678547560703943,
  "test_approval_rate": 0.6790291482363616,
  "approved_total": 9033,
  "prior_declined_approved_total": 2591,
  "prior_declined_approval_rate": 0.44741840787428766,
  "headline_expected_npv": 14821919.347689167,
  "prior_declined_expected_npv": 4542002.044689512,
  "prior_declined_mean_pd": 0.13916591311356347,
  "prior_declined_expected_npv_gamma_3x": 2533393.172568271,
  "auroc": 0.7461409191193729,
  "log_loss": 0.43514531744383644,
  "brier": 0.13654351487044825,
  "mean_pd": 0.21019593427454744,
  "actual_default_rate": 0.2061936495491964,
  "interval_bin_coverage": 1.0,
  "base_feature_count": 32,
  "feature_variant": "raw_valid_prior",
  "model_rows": 41377,
  "calibration_rows": 10345
}