reject_default_odds_gamma,approved_expected_npv_total,prior_declined_approved_expected_npv,prior_declined_approved_mean_pd,prior_declined_approved_predicted_defaults
1.0,14821919.347689167,4542002.044689512,0.1391659131135634,360.5788808772428
1.25,14496908.257270424,4216990.954270769,0.1669086296747602,432.4602594873037
1.5,14198569.311501572,3918652.008501916,0.19257664034102276,498.96607512359
2.0,13668926.705099016,3389009.4020993616,0.23865738233233483,618.3612776230796
3.0,12813310.475567928,2533393.172568272,0.3146375261928504,815.2258303656754
4.0,12148586.86826554,1868669.5652658846,0.3751573973947715,972.032816649853
6.0,11175825.82805,895908.5250503453,0.46647801867150673,1208.644546377874
8.0,10493258.992344568,213341.6893449143,0.5328323728644704,1380.5686780918427
10.0,9985197.860497838,-294719.4425018168,0.5836335833069038,1512.194614348188
