profit_quintile,rows,approved,approval_rate,mean_pd,mean_expected_npv,expected_npv_total,mean_margin,mean_headroom
1,2662,0,0.0,0.6388835001353387,-6138.099294467015,-16339620.321871195,-0.1877576683154062,-0.41493744337890665
2,2661,1051,0.3949642991356633,0.33765783595316035,-99.83702709355074,-265666.32909593853,-0.003012971913750614,-0.004175156377534818
3,2661,2660,0.9996242014280345,0.19388837130289102,1388.696417769257,3695321.167683993,0.04871641024775496,0.25547019920832625
4,2661,2661,1.0,0.1075242943196339,1974.5188644545626,5254194.698313591,0.07389828439438582,0.589305459251657
5,2661,2661,1.0,0.07034258353380166,2149.0259691628544,5718558.103942355,0.09165820667828894,0.9178316293905606
