gamma_tier,prior_declined_approved,mean_pd,mean_break_even_pd,expected_npv_total,mean_expected_npv_margin
<=1.5x,0,,,0.0,
1.5-2x,101,0.21928212307103373,0.34807683388258637,94674.53748171228,0.032435919606717774
2-3x,454,0.21259474148232527,0.3950276107569343,532918.8214127533,0.04058911555405512
3-5x,421,0.17485448028498937,0.4428334533324688,639504.0141798683,0.05318365184268168
5-10x,402,0.13500027054939193,0.5017071358492492,713250.7965863902,0.06455344890958206
>10x,950,0.10011545146663593,0.8109086298714031,1986123.2058999185,0.07762407309098898
,263,0.07193859300362178,,575530.6691288697,0.0947550103678768
