variant,rows,default_rate,auroc,log_loss,brier,mean_pd,best_threshold,best_labeled_validation_npv,best_labeled_approved
unweighted_lightgbm,2551,0.2061936495491964,0.7406332441440172,0.43968260746182997,0.13825177514012443,0.20866168501269367,-0.03553167749045903,3817365.623247761,2237
recency_weighted_lightgbm,2551,0.2061936495491964,0.7383898981364128,0.4391372686552569,0.13800346290426688,0.21004276555269322,-0.05085561193881066,3767739.9743739683,2301
