variant,method,reject_odds_gamma,rows,default_rate,auroc,log_loss,brier,mean_pd,threshold,labeled_validation_npv,labeled_approved,labeled_default_rate_approved,mean_pd_prior_declined_eval,p90_pd_prior_declined_eval,mean_pd_prior_approved_eval
simple_gamma_1.5,simple,1.5,2551,0.2061936495491964,0.7427029056940337,0.43621535387493315,0.1366113562776494,0.2095237183867551,0.015,3847113.9357558023,1945,0.07197943444730077,0.3512013617570573,0.7142857142857143,0.21169604349679794
fuzzy_gamma_1.25,fuzzy,1.25,2551,0.2061936495491964,0.7495892597286767,0.4328081148467149,0.1354292740626496,0.2096008166461912,-0.010000000000000002,3832683.8636510177,2132,0.08677298311444653,0.35683050039746084,0.813953488372093,0.21159185670871197
simple_gamma_1.25,simple,1.25,2551,0.2061936495491964,0.7395779937098061,0.4367051231820025,0.13686579714315014,0.21124391032492051,0.006937071130712261,3830863.0630674968,2044,0.0812133072407045,0.34896251723415556,0.7142857142857143,0.21348459493830066
fuzzy_gamma_3,fuzzy,3.0,2551,0.2061936495491964,0.7547378303525324,0.43026322913604864,0.13460871898476165,0.20828089703550126,0.0049999999999999975,3821689.6924699256,2001,0.07746126936531735,0.35844212672128173,0.8125,0.21094023895819283
accept_only,none,1.0,2551,0.2061936495491964,0.7463676477491432,0.4370984160396921,0.13712439823545416,0.20993537240261903,-0.020000000000000004,3808319.8645013375,2167,0.0904476234425473,0.3510520380988861,0.7391304347826086,0.212248466082313
fuzzy_gamma_1.5,fuzzy,1.5,2551,0.2061936495491964,0.7490264282026005,0.43332340408901726,0.13555917678267976,0.20887820347321134,-0.020000000000000004,3806948.404195179,2165,0.08868360277136259,0.3579453573174127,0.7818181818181819,0.2113826414234578
simple_gamma_2,simple,2.0,2551,0.2061936495491964,0.746028258930667,0.4347143395810678,0.13638759436029857,0.20944608042536178,0.0024999999999999953,3805636.940223021,2021,0.08065314200890648,0.3530902500048281,0.7204301075268817,0.21156893135962837
simple_gamma_3,simple,3.0,2551,0.2061936495491964,0.7477580622447544,0.43594611302010094,0.13695216527346127,0.21116596766966433,0.0021020224675808237,3790005.686600134,2012,0.07902584493041749,0.35164576158757366,0.711340206185567,0.21209893706216087
fuzzy_gamma_2,fuzzy,2.0,2551,0.2061936495491964,0.7514124771158992,0.43382921178261635,0.13582753199062392,0.20872535675208326,-0.025,3784527.785387816,2179,0.09086737035337311,0.35856837321992335,0.6808510638297872,0.21176210850928198
