variant,npv,delta,threshold,labeled_approved,val_rate,test_rate,approved_total,prior_declined
ensemble_trimmed_drop_minmax,2711813.9989971323,59598.88585035084,0.0,1918,0.569169079973268,0.5689009867301803,7571,1937
ensemble_median_all_seeds,2704866.418512147,52651.305365365464,0.0,1923,0.5709512140788594,0.5699217420891459,7588,1944
ensemble_mean_all_seeds,2704833.4130667583,52618.29991997685,0.0,1914,0.5678324793940744,0.5683339004196438,7560,1929
ensemble_mean_stable_middle_seeds,2691315.4447654523,39100.33161867084,0.0025000000000000022,1904,0.5669414123412787,0.5675399795848928,7549,1962
