rows,default_rate,auroc,average_precision,log_loss,brier,ece_10bin,feature_set,n_numeric
2551,0.2061936495491964,0.7549791109233441,0.5117730419314548,0.43064151974573134,0.13530076532735805,0.017934376473585503,baseline_original_style,74
2551,0.2061936495491964,0.7529915974275923,0.5111642506505657,0.4317854923880979,0.1357174708124655,0.0280009759137283,drop_indices_and_interactions,88
2551,0.2061936495491964,0.7519635732056518,0.5156248829832994,0.4322118486682144,0.1354781255423135,0.0372242048281663,all_engineered,105
2551,0.2061936495491964,0.7505229310425762,0.5150434899372232,0.43261283714141,0.1356436987447858,0.0314157429433223,drop_concept_indices,96
