split,rows,approval_rate,mean_predicted_pd,mean_predicted_pd_approved,mean_expected_t_star,mean_expected_recovery_rate,mean_interval_width,mean_prior_approval_propensity,expected_npv_total_approved
validation,4489,0.6732011583871687,0.27648434753138934,0.14958675916474645,45.14816042559868,0.09192726100138755,0.09838494197280749,0.5681414568946312,4952135.460272918
test,8817,0.6726777815583532,0.2788170340805326,0.1496300448578917,44.89725708865013,0.09258999317878151,0.09761594562529126,0.5628772825223999,9647897.902003687
