split,rows,prior_approval_rate,observed_outcome_rate,default_rate_when_observed,bank_feed_link_rate
train,85340,0.6060698382938833,0.6060698382938833,0.17447121147674105,0.6431567846262011
validation,4489,0.5682780129204723,0.5682780129204723,0.2061936495491964,0.6342169748273557
test,8817,0.5630032891006012,0.0,,0.6326414880344788
