rows,default_rate,auroc,average_precision,log_loss,brier,ece_10bin,variant
2551,0.2061936495491964,0.755020419659203,0.5130233706974094,0.43148139865763757,0.13550697304973333,0.02328893886802827,with_prior_segment_meta
2551,0.2061936495491964,0.7549791109233441,0.5117730419314548,0.43064151974573134,0.13530076532735805,0.017934376473585503,with_prior_isotonic
2551,0.2061936495491964,0.7536623949678449,0.5104090233008988,0.4313458629031153,0.13559823329821122,0.021320490880453943,no_prior_isotonic
2551,0.2061936495491964,0.7535145284701685,0.5112085559133722,0.4322242632843667,0.13581437002265956,0.02478721800992288,no_prior_segment_meta
