model,n_features,auroc,average_precision,log_loss,brier,cal_auroc
logistic_raw_numeric,59,0.756831432192649,0.5205975780646359,0.42947911325492355,0.13458797260011585,
logistic_pc_12,12,0.756775102098296,0.5148546024458118,0.4300490804543782,0.1351499071855848,0.7859817339276634
logistic_pc_8,8,0.7518565460263813,0.509883442280934,0.4329240273417712,0.13606417260342438,0.782315149024511
logistic_pc_5,5,0.7486166267661832,0.5020532034922007,0.4406218343265701,0.13875558687435774,0.77287588674522
logistic_pc_3,3,0.7396638971036944,0.4800468944307992,0.4498163304113065,0.14196053614555604,0.7605723210081288
