component,mean_prior_approved,mean_prior_declined,selection_smd,mean_defaulted_labeled,mean_nondefault_labeled,default_smd
PC1,-0.7073647221127556,1.0882955011337958,-0.48070798771186507,1.6735445687223318,-1.210557504924499,0.8059994176891299
PC2,-0.5415113160861668,0.8331265479983554,-0.45749418849042556,0.506342289725168,-0.7629697201997432,0.4277426856610887
PC3,0.12578139426880294,-0.19351732031563523,0.14228342120690712,0.24414419272266516,0.10076603305170488,0.06526218718746607
PC4,0.163987211628085,-0.2522977738065266,0.21418628767785863,-0.23249105039161733,0.24778082810814947,-0.2566379073934932
PC5,-0.014153288509618826,0.021775132021372736,-0.02286977692644411,-0.11801869479117673,0.007798124350111804,-0.07904187210040858
PC6,0.039734617164178185,-0.06113254414199597,0.06668541136142168,0.0244840225079828,0.04295775094509316,-0.011863404961516739
PC7,-0.059969440701360045,0.0922642457003911,-0.10182679107910524,0.06316045070351106,-0.08599230219458122,0.09824001072749385
PC8,-0.04249454537553778,0.06537875173756823,-0.08427053356828991,0.17292210529072602,-0.08802173296306799,0.20995814447035063
