{
  "policy": "lightgbm_no_prior_score",
  "threshold": 0.020000000000000004,
  "prior_declined_min_margin": 0.03,
  "validation_labeled_realized_npv": 2597376.481619119,
  "validation_labeled_approved": 1902,
  "validation_labeled_approval_rate": 0.7455899647197177,
  "validation_labeled_default_rate_approved": 0.07255520504731862,
  "validation_all_approval_rate": 0.6034751615059033,
  "test_approval_rate": 0.6065555177498015,
  "approved_total": 8057,
  "prior_declined_approved_total": 2459,
  "validation_pd_metrics": {
    "auroc": 0.7426921090926162,
    "log_loss": 0.4372607476565868,
    "brier": 0.13684659023682177,
    "mean_pd": 0.21009253789779472,
    "actual_default_rate": 0.2061936495491964
  },
  "validation_interval_coverage_90": {
    "n": 2551,
    "bin_coverage": 1.0,
    "n_bins": 10,
    "mean_width": 0.1185041620119118,
    "median_width": 0.12
  },
  "pd_interval_half_width_floor": 0.06,
  "replaced_policy_note": "Promoted from model-family NPV bakeoff; prior-declined guardrail reduces unverified reject-region exposure."
}