,to_0,to_1
from_0,0.9491525423728814,0.05084745762711865
from_1,0.05714285714285714,0.9428571428571428
