split,regime,rows,approval_rate,mean_pd,mean_pd_approved,expected_npv_approved,expected_npv_margin_approved,actual_default_rate,approved_default_rate,realized_npv_approved,auroc,log_loss,brier,calibration_error
validation_labeled,1,2551,0.7742061936495492,0.21026723178913037,0.12545803960510551,3590068.835049507,0.07109514413927054,0.2061936495491964,0.130126582278481,2652215.1131467815,0.7404036990095291,0.43901518444875326,0.13762517102949567,-0.004073582239933982
validation_all,1,4489,0.5987970594787257,0.2696337456185966,0.12152614024762422,4999080.797314345,0.07163311747639471,,,,,,,
test_all,1,8817,0.5994102302370421,0.2746599201647173,0.12371452806094708,9707139.048306165,0.07094857388040184,,,,,,,
