prior_declined_default_odds_gamma,headline_expected_npv,prior_declined_expected_npv
1.0,14706219.845620511,4190378.6582722813
2.0,14018997.867946375,3503156.6805981454
3.0,13474356.448790984,2958515.2614427544
6.0,12340396.84602601,1824555.658677781
10.0,11431293.333593989,915452.1462457574
