break_even_odds_gamma_bin,prior_declined_approved,mean_pd,mean_margin,expected_npv,mean_prior_underwriter_score,mean_owner_credit_band,mean_utilization,mean_invoice_delinquency
lte_2x,0,,,0.0,,,,
2x_to_3x,0,,,0.0,,,,
3x_to_5x,386,0.1678688440874019,0.053501606804531456,583102.7719657336,0.0812934847450124,1.7409326424870466,0.5250915550834456,0.20130884013001402
5x_to_10x,470,0.12212578346994793,0.06571146978403833,853803.3354061149,0.08005246905142722,1.8659574468085107,0.44111395034865564,0.17570947606435727
gt_10x,1289,0.09438509425074348,0.08060452339109454,2753472.5509004327,0.09073521501139813,2.5151280062063615,0.3228883035723448,0.13110077792782537
