prior_declined_pd_multiplier,approved_expected_npv_total,prior_declined_approved_expected_npv,prior_declined_approved_mean_pd
1.0,14821919.347689167,4542002.044689512,0.1391659131135634
1.1,14655237.211781489,4375319.908781832,0.15308250442491977
1.25,14405214.007919969,4125296.7049203124,0.17395739139195426
1.5,13988508.668150768,3708591.3651511134,0.2087488696703451
2.0,13155097.98861237,2875180.685612715,0.2783318262271268
3.0,11492436.023957945,1212518.7209582897,0.4170260947294319
