prior_declined_margin_floor,approved_total,prior_declined_approved,headline_expected_npv,pd_expected_npv,headline_npv_gamma3,pd_npv_gamma3,headline_npv_gamma6,pd_npv_gamma6,labeled_val_npv,labeled_val_approved
0.0,9665,3223,15113905.687886681,4833988.384887026,11900721.63782101,1620804.3348213546,9523160.374240613,-756756.9287590417,3912480.142639173,2196
0.01,9470,3028,15084984.397614868,4805067.094615214,12261170.383517792,1981253.0805181363,10107977.870563092,-171939.43243656374,3912480.142639173,2196
0.02,9247,2805,14983393.833280247,4703476.530280593,12587306.519548142,2307389.2165484866,10693572.252391744,413654.94939208985,3912480.142639173,2196
0.03,9033,2591,14821919.347689167,4542002.044689512,12813310.475567928,2533393.172568272,11175825.82805,895908.525050345,3912480.142639173,2196
0.04,8717,2275,14496302.930786414,4216385.62778676,12997661.162636451,2717743.859636795,11722054.587393362,1442137.2843937078,3912480.142639173,2196
0.05,8375,1933,14050828.13639877,3770910.833399114,13029102.787410736,2749185.4844110804,12114010.734762564,1834093.431762909,3912480.142639173,2196
0.06,8011,1569,13476028.953095153,3196111.650095499,12874272.4315309,2594355.1285312455,12302424.535049211,2022507.2320495558,3912480.142639173,2196
0.08,7050,608,11609367.073690265,1329449.7706906116,11618045.636236038,1338128.3332363837,11629105.055070577,1349187.752070921,3912480.142639173,2196
0.1,6485,43,10375888.910977645,95971.60797799041,10400608.363274062,120691.06027440609,10427750.290323932,147832.98732427464,3912480.142639173,2196
