prior_declined_pd_multiplier,approved_expected_npv_total,prior_declined_approved_expected_npv,prior_declined_approved_mean_pd
1.0,14044601.726382181,3753129.7773538227,0.10856184410041182
1.1,13970194.466013342,3678722.516984985,0.119418028510453
1.25,13858583.575460088,3567111.6264317287,0.1357023051255148
1.5,13672565.424537994,3381093.4755096347,0.16284276615061777
2.0,13300529.122693803,3009057.1736654467,0.21712368820082364
3.0,12556654.99286462,2265183.0438362616,0.3256730426986729
