{
  "feature_set": "all_engineered",
  "approved_total": 7571,
  "approval_rate": 0.5689914324364949,
  "prior_declined_approved_total": 1937,
  "prior_declined_approval_rate": 0.33448454498359526,
  "approved_expected_npv_total": 14044601.726382181,
  "prior_declined_approved_expected_npv": 3753129.7773538227,
  "prior_declined_approved_mean_pd": 0.10856184410041182,
  "prior_declined_approved_mean_support": 0.6544495161477858,
  "intervention_features_total": 30,
  "intervention_features_missing_from_raw_data": [],
  "bootstrap_validation_npv": {
    "labeled_validation_rows": 2551,
    "point_estimate": 2711813.9989971323,
    "bootstrap_p05": 2460717.472269593,
    "bootstrap_p50": 2714101.9113275176,
    "bootstrap_p95": 2952684.486969321,
    "bootstrap_std": 151630.46382917202
  },
  "split_leakage_audit": {
    "train_rows": 85340,
    "validation_rows": 4489,
    "test_rows": 8817,
    "labeled_train_rows": 51722,
    "model_split_rows": 41377,
    "calibration_split_rows": 10345,
    "businesses_in_both_model_and_calibration": 410,
    "business_overlap_train_validation": 0,
    "business_overlap_train_test": 0,
    "business_overlap_validation_test": 0
  },
  "grouped_time_cv_mean": {
    "auroc": 0.7471239948269148,
    "log_loss": 0.4031018013793965,
    "brier": 0.12370023700698653
  }
}