policy,approved,approval_rate,expected_npv,roic,realized_npv_verifiable,labeled_approved
Selected/deployed,8477,0.6370810160829701,14882918.917788738,0.06647050313648824,3867998.4575711302,2012
EV > 0 on all,9294,0.6984818878701338,15245358.466448052,0.061411449837451976,3737383.767379243,2059
Raw NPV threshold,9005,0.6767623628438298,15202406.126410982,0.0634607744196664,3867998.4575711302,2012
