{
  "model": "compact_raw_valid_prior_lightgbm_plus_brief_formula_npv_policy",
  "policy": {
    "threshold": -0.024999999999999994,
    "prior_declined_min_margin": 0.03,
    "approved_total": 9033,
    "approval_rate": 0.6788666766872088,
    "prior_declined_approved_total": 2591,
    "validation_labeled_realized_npv": 3912480.1426391727,
    "headline_expected_npv": 14821919.347689167,
    "prior_declined_expected_npv": 4542002.044689512,
    "prior_declined_expected_npv_gamma_3x": 2533393.172568271
  },
  "pd_metrics": {
    "validation_auroc": 0.7461409191193729,
    "validation_log_loss": 0.43514531744383644,
    "validation_brier": 0.13654351487044825,
    "validation_mean_pd": 0.21019593427454744,
    "validation_actual_default_rate": 0.2061936495491964,
    "interval_bin_coverage": 1.0
  },
  "trajectory_metrics": {
    "mean_abs_cdr_error": 0.011730427189809314,
    "week13_mean_actual_cdr": 0.14654803060327484,
    "week13_mean_predicted_cdr": 0.14695220270794998,
    "interval_coverage": 0.9704142011834319,
    "mean_interval_width": 0.07340700544055724
  },
  "counterfactual_metrics": {
    "rows": 900,
    "unique_features": 30,
    "causal_safe_feature_count": 106,
    "outside_p01_p99_queries": 74,
    "unseen_category_queries": 0,
    "mean_predicted_pd_cf": 0.29517653537810473,
    "mean_interval_width": 0.11361693853598509,
    "monotonic_guard_applied_queries": 82,
    "final_material_sign_violations": 0
  },
  "submission_validation": {
    "validator_errors": 0,
    "validator_warnings": 0,
    "writeup_pdf_present": true,
    "team_name": "Global Intuit Hackers"
  }
}
