{
  "model": "compact_risk_factor_lightgbm_plus_guarded_capped_cash_flow_npv_policy",
  "policy": {
    "threshold": 0.012499999999999997,
    "prior_declined_default_odds_stress_gamma": 3.0,
    "approved_total": 7973,
    "approval_rate": 0.5992033669021494,
    "prior_declined_approved_total": 2145,
    "validation_labeled_realized_npv": 2652215.1131467815,
    "headline_expected_npv": 14706219.845620511,
    "prior_declined_expected_npv": 4190378.6582722813,
    "prior_declined_expected_npv_gamma_3x": 2958515.2614427544,
    "prior_declined_expected_npv_gamma_6x": 1824555.658677781
  },
  "pd_metrics": {
    "validation_auroc": 0.7404036990095291,
    "validation_log_loss": 0.43901518444875326,
    "validation_brier": 0.13762517102949567,
    "validation_mean_pd": 0.21026723178913037,
    "validation_actual_default_rate": 0.2061936495491964,
    "interval_bin_coverage": 1.0
  },
  "trajectory_metrics": {
    "mean_abs_cdr_error": 0.011055659864396859,
    "week13_mean_actual_cdr": 0.12922819640262184,
    "week13_mean_predicted_cdr": 0.1251258722618607,
    "interval_coverage": 0.9526627218934911,
    "mean_interval_width": 0.06153031177822105
  },
  "counterfactual_metrics": {
    "rows": 900,
    "unique_features": 30,
    "causal_safe_feature_count": 106,
    "outside_p01_p99_queries": 74,
    "unseen_category_queries": 0,
    "mean_predicted_pd_cf": 0.29514623790605443,
    "mean_interval_width": 0.11382407340682439,
    "monotonic_guard_applied_queries": 93,
    "final_material_sign_violations": 0
  },
  "submission_validation": {
    "validator_errors": 0,
    "validator_warnings": 0,
    "writeup_pdf_present": true,
    "team_name": "Global Intuit Hackers"
  }
}
