fold,n_te,hgb,logit,hgb_nops,blend_0.4,blend_0.5,blend_0.6,blend_0.7,blend_0.8,blend_0.9
0,10345,0.7707956690691353,0.7710504907653084,0.7697562716108649,0.7722688732184214,0.7723420501209884,0.7722824965779418,0.7721223896670062,0.7718037976736492,0.7713923722161313
1,10345,0.7717218953336751,0.7750686682192972,0.7724970969269593,0.7751622152880043,0.7749341861988882,0.7745642146781968,0.7740673512945435,0.77345624631034,0.7726868508631372
2,10344,0.7783438572622899,0.7830038114624279,0.7778071239036852,0.7824152806409903,0.7820265400333372,0.7815427075922878,0.780952618952419,0.7802141481069909,0.7793598794248534
3,10344,0.7741185546258506,0.7756258639275749,0.7729296799854927,0.7762595540941529,0.7761888340898967,0.7760451881362976,0.7757689908352714,0.775375034995048,0.7748391849811473
4,10344,0.775504082782631,0.7767909273371422,0.7755731483280721,0.7776207519742397,0.7775780604487346,0.7774616644050323,0.777194161122878,0.7767662077760213,0.7762097905682221
