{
  "variant": "compact_risk_factors_pca8_reject_gamma_1p5",
  "feature_count": 79,
  "threshold": 0.016877227736619427,
  "validation_labeled_realized_npv": 3857193.062457734,
  "validation_labeled_approved": 1964,
  "validation_labeled_approval_rate": 0.7698941591532732,
  "validation_labeled_default_rate_approved": 0.07433808553971487,
  "validation_all_approval_rate": 0.6375584762753397,
  "test_approval_rate": 0.6379720993535216,
  "approved_total": 8487,
  "prior_declined_approved_total": 2709,
  "prior_declined_approval_rate": 0.46779485408392335,
  "headline_expected_npv": 15703985.51774209,
  "prior_declined_expected_npv": 4908225.43627018,
  "prior_declined_mean_pd": 0.13363352438739773,
  "prior_declined_expected_npv_gamma_3x": 2883999.3677485064,
  "auroc": 0.7415716096324462,
  "log_loss": 0.4361042298614271,
  "brier": 0.13661653463451934,
  "mean_pd": 0.21281809591421097,
  "actual_default_rate": 0.2061936495491964,
  "interval_bin_coverage": 1.0,
  "base_feature_count": 71,
  "pca_components": [
    "latent_pc_1",
    "latent_pc_2",
    "latent_pc_3",
    "latent_pc_4",
    "latent_pc_5",
    "latent_pc_6",
    "latent_pc_7",
    "latent_pc_8"
  ],
  "feature_variant": "compact_risk_factors_pca8",
  "model_rows": 41377,
  "calibration_rows": 10345,
  "reject_gamma": 1.5,
  "reject_weight_scale": 0.35,
  "reject_rows": 33618,
  "accept_bad_rate": 0.16424583705923582,
  "target_reject_bad_rate": 0.24636875558885374,
  "pseudo_reject_bad_rate": 0.25432803855077635,
  "pseudo_reject_bad_cutoff": 0.5730337078651685
}