{
  "variant": "regime_weighted",
  "feature_set": "compact_risk_factors",
  "threshold": 0.022754030606536194,
  "validation_labeled_realized_npv": 2543882.828513112,
  "validation_labeled_approved": 1913,
  "validation_labeled_approval_rate": 0.7499019992159938,
  "validation_labeled_default_rate_approved": 0.07422895974908521,
  "validation_all_approval_rate": 0.5760748496324348,
  "test_approval_rate": 0.5708290801860043,
  "approved_total": 7619,
  "prior_declined_approved_total": 2018,
  "prior_declined_approval_rate": 0.3484717665342773,
  "headline_expected_npv": 13892807.601828475,
  "expected_roic_approved_amount": 0.06957415374327582,
  "prior_declined_expected_npv": 3873670.066768923,
  "prior_declined_mean_pd": 0.122879592483267,
  "auroc": 0.7343782565835798,
  "log_loss": 0.44233358973523684,
  "brier": 0.13919925919617712,
  "mean_pd": 0.20864583821694108,
  "actual_default_rate": 0.2061936495491964,
  "interval_bin_coverage": 1.0,
  "domain_rows_train": 85340,
  "domain_rows_future": 13306,
  "domain_feature_count": 66,
  "domain_excluded_calendar_features": [
    "application_day_of_week",
    "application_days_since_2024_01_01",
    "application_month",
    "application_weekofyear",
    "application_channel"
  ],
  "domain_in_sample_auc": 0.8553832917241302,
  "domain_weight_min": 0.2726894913883356,
  "domain_weight_p25": 0.2726894913883356,
  "domain_weight_median": 0.7283637034533581,
  "domain_weight_p75": 1.6466635619339633,
  "domain_weight_max": 6.544547793320054,
  "model_rows": 41377,
  "calibration_rows": 10345,
  "fit_weight_mean": 0.9999999999999998,
  "fit_weight_p90": 2.4481538165383574,
  "cal_weight_mean": 1.0,
  "cal_weight_p90": 1.4254175606274375,
  "reject_gamma": null,
  "base_feature_count": 71,
  "feature_count": 71
}