,to_low_timing,to_middle_timing,to_high_timing
from_low_timing,0.16666666666666666,0.5,0.3333333333333333
from_middle_timing,0.42857142857142855,0.14285714285714285,0.42857142857142855
from_high_timing,0.375,0.25,0.375
