{
  "variant": "compact_risk_factors_reject_gamma_1p5",
  "feature_count": 71,
  "threshold": 0.012499999999999997,
  "validation_labeled_realized_npv": 3860908.330760195,
  "validation_labeled_approved": 1975,
  "validation_labeled_approval_rate": 0.7742061936495492,
  "validation_labeled_default_rate_approved": 0.0749367088607595,
  "validation_all_approval_rate": 0.6346625083537536,
  "test_approval_rate": 0.6363842576840195,
  "approved_total": 8460,
  "prior_declined_approved_total": 2632,
  "prior_declined_approval_rate": 0.4544983595233984,
  "headline_expected_npv": 15496454.105010383,
  "prior_declined_expected_npv": 4762987.014693051,
  "prior_declined_mean_pd": 0.1330446832501657,
  "prior_declined_expected_npv_gamma_3x": 2827321.3429433163,
  "auroc": 0.7404036990095291,
  "log_loss": 0.43901518444875326,
  "brier": 0.13762517102949567,
  "mean_pd": 0.21026723178913037,
  "actual_default_rate": 0.2061936495491964,
  "interval_bin_coverage": 1.0,
  "base_feature_count": 71,
  "feature_variant": "compact_risk_factors",
  "model_rows": 41377,
  "calibration_rows": 10345,
  "reject_gamma": 1.5,
  "reject_weight_scale": 0.35,
  "reject_rows": 33618,
  "accept_bad_rate": 0.16424583705923582,
  "target_reject_bad_rate": 0.24636875558885374,
  "pseudo_reject_bad_rate": 0.27515021714557675,
  "pseudo_reject_bad_cutoff": 0.5115606936416185
}