bin,n,p_min,p_max,mean_predicted_pd,observed_default_rate,wilson_half_width,miscalibration,bin_width
0,1199,0.001,0.05084745762711865,0.04004587155963303,0.040033361134278564,0.009359275301421895,1.2510425354467225e-05,0.009371785726776362
1,2272,0.06896551724137931,0.08852459016393442,0.08230633802816902,0.08230633802816902,0.009491305038133996,0.0,0.009491305038133996
2,1332,0.09473684210526316,0.10852713178294573,0.10285285285285285,0.10285285285285285,0.013700159746901298,0.0,0.013700159746901298
3,412,0.11320754716981132,0.14206128133704735,0.13834951456310682,0.1383495145631068,0.027987267631450857,2.7755575615628914e-17,0.027987267631450884
4,1268,0.17407878017789072,0.17892156862745098,0.17586750788643532,0.17586750788643532,0.01758049097117735,0.0,0.01758049097117735
5,1167,0.20771513353115728,0.2581648522550544,0.2390745501285347,0.2390745501285347,0.020521759817527213,0.0,0.020521759817527213
6,837,0.2692307692307692,0.3426724137931034,0.3333333333333333,0.3333333333333333,0.02676362453806576,0.0,0.02676362453806576
7,903,0.3561643835616438,0.4573643410852713,0.4186046511627907,0.4186046511627907,0.026964303242135033,0.0,0.026964303242135033
8,955,0.5212765957446808,0.999,0.6701036649214659,0.6701570680628273,0.02499386875284963,5.340314136137447e-05,0.025047271894211003
