{
  "variant": "compact_risk_factors_pca8",
  "feature_count": 79,
  "threshold": -0.019999999999999997,
  "validation_labeled_realized_npv": 3856039.5776917525,
  "validation_labeled_approved": 2164,
  "validation_labeled_approval_rate": 0.8482947863582909,
  "validation_labeled_default_rate_approved": 0.09057301293900184,
  "validation_all_approval_rate": 0.6662953887280018,
  "test_approval_rate": 0.6653056595213791,
  "approved_total": 8857,
  "prior_declined_approved_total": 2519,
  "prior_declined_approval_rate": 0.4349853220514592,
  "headline_expected_npv": 14724359.053556645,
  "prior_declined_expected_npv": 4458086.914158452,
  "prior_declined_mean_pd": 0.13706465869410284,
  "prior_declined_expected_npv_gamma_3x": 2583817.075935025,
  "auroc": 0.7420269445617989,
  "log_loss": 0.43781929093855976,
  "brier": 0.13764767633429653,
  "mean_pd": 0.2113630260031566,
  "actual_default_rate": 0.2061936495491964,
  "interval_bin_coverage": 0.8888888888888888,
  "base_feature_count": 71,
  "pca_components": [
    "latent_pc_1",
    "latent_pc_2",
    "latent_pc_3",
    "latent_pc_4",
    "latent_pc_5",
    "latent_pc_6",
    "latent_pc_7",
    "latent_pc_8"
  ],
  "feature_variant": "compact_risk_factors_pca8",
  "model_rows": 41377,
  "calibration_rows": 10345
}