{
  "variant": "regime_weighted_reject_gamma_2",
  "feature_set": "compact_risk_factors",
  "threshold": 0.027607388019380844,
  "validation_labeled_realized_npv": 2626156.985125946,
  "validation_labeled_approved": 1836,
  "validation_labeled_approval_rate": 0.7197177577420619,
  "validation_labeled_default_rate_approved": 0.0664488017429194,
  "validation_all_approval_rate": 0.5609267097349075,
  "test_approval_rate": 0.5584665986163094,
  "approved_total": 7442,
  "prior_declined_approved_total": 2047,
  "prior_declined_approval_rate": 0.3534795372129166,
  "headline_expected_npv": 13999749.815986857,
  "expected_roic_approved_amount": 0.07196445937810793,
  "prior_declined_expected_npv": 3978985.6042360244,
  "prior_declined_mean_pd": 0.11680170063926576,
  "auroc": 0.7411007839271463,
  "log_loss": 0.44058082027085865,
  "brier": 0.13791586099205608,
  "mean_pd": 0.21283698809426344,
  "actual_default_rate": 0.2061936495491964,
  "interval_bin_coverage": 1.0,
  "domain_rows_train": 85340,
  "domain_rows_future": 13306,
  "domain_feature_count": 66,
  "domain_excluded_calendar_features": [
    "application_day_of_week",
    "application_days_since_2024_01_01",
    "application_month",
    "application_weekofyear",
    "application_channel"
  ],
  "domain_in_sample_auc": 0.8553832917241302,
  "domain_weight_min": 0.2726894913883356,
  "domain_weight_p25": 0.2726894913883356,
  "domain_weight_median": 0.7283637034533581,
  "domain_weight_p75": 1.6466635619339633,
  "domain_weight_max": 6.544547793320054,
  "model_rows": 41377,
  "calibration_rows": 10345,
  "fit_weight_mean": 0.9999999999999998,
  "fit_weight_p90": 2.4481538165383574,
  "cal_weight_mean": 1.0,
  "cal_weight_p90": 1.4254175606274375,
  "reject_gamma": 2.0,
  "reject_rows": 33618,
  "reject_weight_scale": 0.35,
  "accept_bad_rate": 0.16424583705923582,
  "target_reject_bad_rate": 0.32849167411847163,
  "pseudo_reject_bad_rate": 0.32869296210363497,
  "pseudo_reject_bad_cutoff": 0.502368009548523,
  "base_feature_count": 71,
  "feature_count": 71
}