field,test,train,validation
default_flag,1.0,0.3939301617061167,0.43172198707952775
days_to_default,1.0,0.8942582610733536,0.8828246825573625
days_to_full_repayment,1.0,0.49967190063276307,0.5488973045221653
repayment_status,1.0,0.3939301617061167,0.43172198707952775
final_recovered_amount,1.0,0.8942582610733536,0.8828246825573625
observation_status,1.0,0.3939301617061167,0.43172198707952775
